site_id,site_name,region,latitude,longitude,date,hour,hour_description,pollutant,units,value,air_quality_category
33,RANDWICK,Sydney East,-33.93175,151.24278,2026-09-28,1,12 am - 1 am,PM10,µg/m³,17.567,GOOD
39,ROZELLE,Sydney East,-33.86433,151.16395,2026-09-28,1,12 am - 1 am,PM10,µg/m³,1.251,GOOD
107,LIVERPOOL,Sydney South-west,-33.93132,150.90727,2026-09-28,1,12 am - 1 am,PM10,µg/m³,9.802,GOOD
171,BRINGELLY,Sydney South-west,-33.91766,150.76192,2026-09-28,1,12 am - 1 am,PM10,µg/m³,5.1,GOOD
33,RANDWICK,Sydney East,-33.93175,151.24278,2026-09-28,1,12 am - 1 am,PM2.5,µg/m³,4.522,GOOD
39,ROZELLE,Sydney East,-33.86433,151.16395,2026-09-28,1,12 am - 1 am,PM2.5,µg/m³,1.859,GOOD
107,LIVERPOOL,Sydney South-west,-33.93132,150.90727,2026-09-28,1,12 am - 1 am,PM2.5,µg/m³,1.934,GOOD
171,BRINGELLY,Sydney South-west,-33.91766,150.76192,2026-09-28,1,12 am - 1 am,PM2.5,µg/m³,2.878,GOOD
33,RANDWICK,Sydney East,-33.93175,151.24278,2026-09-28,1,12 am - 1 am,OZONE,pphm,3.19585,GOOD
39,ROZELLE,Sydney East,-33.86433,151.16395,2026-09-28,1,12 am - 1 am,OZONE,pphm,2.8805,GOOD
107,LIVERPOOL,Sydney South-west,-33.93132,150.90727,2026-09-28,1,12 am - 1 am,OZONE,pphm,1.255136,GOOD
171,BRINGELLY,Sydney South-west,-33.91766,150.76192,2026-09-28,1,12 am - 1 am,OZONE,pphm,1.8935,GOOD
33,RANDWICK,Sydney East,-33.93175,151.24278,2026-09-28,1,12 am - 1 am,NO2,pphm,0.00141,GOOD
39,ROZELLE,Sydney East,-33.86433,151.16395,2026-09-28,1,12 am - 1 am,NO2,pphm,-0.193556,GOOD
107,LIVERPOOL,Sydney South-west,-33.93132,150.90727,2026-09-28,1,12 am - 1 am,NO2,pphm,0.445773,GOOD
171,BRINGELLY,Sydney South-west,-33.91766,150.76192,2026-09-28,1,12 am - 1 am,NO2,pphm,0.15918,GOOD
